Road,District,City
Duong Nguyen Binh Khiem,Quan 1,TP Ho Chi Minh
Duong Tran Hung Dao,Quan 1,TP Ho Chi Minh
Duong Vo Van Kiet,Quan 1,TP Ho Chi Minh
Duong Le Loi,Quan 1,TP Ho Chi Minh
Duong Nguyen Thi Minh Khai,Quan 1,TP Ho Chi Minh
Duong Nam Ky Khoi Nghia,Quan 1,TP Ho Chi Minh
Duong Le Duan,Quan 1,TP Ho Chi Minh
Duong Hai Ba Trung,Quan 1,TP Ho Chi Minh
Duong Pham Ngoc Thach,Quan 1,TP Ho Chi Minh
Duong Nguyen Hue,Quan 1,TP Ho Chi Minh
Duong Truong Dinh,Quan 1,TP Ho Chi Minh
Duong Cach Mang Thang Tam,Quan 3,TP Ho Chi Minh
Duong Pasteur,Quan 1,TP Ho Chi Minh
Duong Le Thanh Ton,Quan 1,TP Ho Chi Minh
Duong Ton Duc Thang,Quan 1,TP Ho Chi Minh
Duong Nguyen Van Cu,Quan 1,TP Ho Chi Minh
Duong Hung Vuong,Quan 5,TP Ho Chi Minh
Duong Tran Quoc Thao,Quan 3,TP Ho Chi Minh
Duong Bui Vien,Quan 1,TP Ho Chi Minh
Duong Nguyen Tri Phuong,Quan 10,TP Ho Chi Minh
Duong Dien Bien Phu,Quan Binh Thanh,TP Ho Chi Minh
Duong Vo Thi Sau,Quan 3,TP Ho Chi Minh
Duong Nguyen Huu Canh,Quan Binh Thanh,TP Ho Chi Minh
Duong Le Van Sy,Quan 3,TP Ho Chi Minh
Duong Phan Xich Long,Quan Phu Nhuan,TP Ho Chi Minh
Dai Lo Dong Tay,Quan 2,TP Ho Chi Minh
Xa Lo Ha Noi,Quan 2,TP Ho Chi Minh
Nguyen Thi Thap,Quan 7,TP Ho Chi Minh
Nguyen Tat Thanh,Quan 4,TP Ho Chi Minh
Nguyen Cong Tru,Quan 1,TP Ho Chi Minh
Nguyen Dinh Chieu,Quan 3,TP Ho Chi Minh
Tran Xuan Soan,Quan 7,TP Ho Chi Minh
Nam Ky Khoi Nghia,Quan 3,TP Ho Chi Minh
Xo Viet Nghe Tinh,Quan Binh Thanh,TP Ho Chi Minh
Tran Nao,Quan 2,TP Ho Chi Minh
Phan Van Tri,Go Vap,TP Ho Chi Minh
Le Van Sy,Quan 3,TP Ho Chi Minh
Nguyen Hong,Quan Binh Thanh,TP Ho Chi Minh
Ham Nghi,Quan 1,TP Ho Chi Minh
Cach Mang Thang Tam,Quan 3,TP Ho Chi Minh
Tran Quoc Toan,Quan Binh Thanh,TP Ho Chi Minh
Ly Thai To,Quan 3,TP Ho Chi Minh
Nguyen Tri Phuong,Quan 5,TP Ho Chi Minh
Ton Duc Thang,Quan Binh Thanh,TP Ho Chi Minh
Hong Bang,Quan 6,TP Ho Chi Minh
Kinh Duong Vuong,Quan Binh Chanh,TP Ho Chi Minh
An Duong Vuong,Quan Binh Tan,TP Ho Chi Minh
Bach Dang,Quan Binh Thanh,TP Ho Chi Minh
Cau Sai Gon,Quan Binh Thanh,TP Ho Chi Minh
Tran Nao,Quan Binh Chanh,TP Ho Chi Minh
Nguyen Van Cu,Quan Binh Chanh,TP Ho Chi Minh
Le Van Khuong,Quan Hoc Mon,TP Ho Chi Minh
Vo Van Ngan,Quan Thu Duc,TP Ho Chi Minh
Ha Huy Giap,Quan Go Vap,TP Ho Chi Minh
Pham Van Dong,Quan Go Vap,TP Ho Chi Minh
Nguyen Hue,Quan Binh Tan,TP Ho Chi Minh
Tran Hung Dao,Quan Binh Tan,TP Ho Chi Minh
Dien Bien Phu,Quan Binh Tan,TP Ho Chi Minh
Nguyen Dinh Chieu,Quan Go Vap,TP Ho Chi Minh
Ky Con,Quan Binh Tan,TP Ho Chi Minh
Le Lai,Quan Go Vap,TP Ho Chi Minh
Thong Nhat,Quan Go Vap,TP Ho Chi Minh
Nam Ky Khoi Nghia,Quan Go Vap,TP Ho Chi Minh
Cach Mang Thang Tam,Quan Go Vap,TP Ho Chi Minh
Phan Van Tri,Quan Go Vap,TP Ho Chi Minh
